id,name,email,password,phone,birthday,avatar,gender,role
4942,Duaa,Dua123@gmail.com,,,26/12/1998,,Male,Guest
4961,test,nhantest112@mail.com,,,03/01/2024,,Male,Admin
4962,ytestPP,ytestPP@mail.com,,,17/01/2024,,Male,Guest
4963,khang01cc,khang01@tem.pp,,,10/01/2024,,Male,Guest
4965,duytest1018,duytest1018@mail.com,,,17/01/2024,,Male,Admin
4966,duyNTH,duyppn2201@mail.com,,,03/01/2024,,Female,Admin
4974,Phil Lpo,philLPo@mail.com,,,17/01/2024,,Female,Guest
4976,Addison Gibson,getuqyhe@mailinator.com,,,01/01/2024,,Female,Admin
4977,minDan,minDan@mail.com,,,17/01/2024,,Female,Admin
4982,duy nguyen hoang,duynguyen@mail.com,,,16/03/2000,,Male,Guest
4983,Duy Nguyễn Hoàng,duynguyenhoang@mail.com,,,18/01/1997,,Male,Admin
4984,dvphuc96,dvphuc96@gmail.com,,,19/01/2024,,Male,Guest
4985,Sarah Pacheco,sibas@mailinator.com,,,08/01/1990,,Female,Admin
4986,Chase Herman,fiwan@mailinator.com,,,09/01/2024,,Male,Admin
4987,Leo Davenport,huzygoti@mailinator.com,,,02/01/2024,,Male,Admin
4992,nghia123,nghia@gmail.com,,,2024-01-04,,Male,Guest
4993,nghiacute,nghia1@gmail.com,,,2024-02-10,,Male,Guest
4996,nghi123123,nghia3@gmail.com,,,2024-02-08,,Male,Guest
4997,nghi123123,nghia4@gmail.com,,,2024-02-08,,Male,Guest
4998,asjlfhasjkfh,nghia5@gmail.com,,,2024-02-07,,Male,Guest
4999,nghiaugias,nghia1@gmial.com,,,2024-02-09,,Male,Guest
5000,agnbakjg,nghia6@gmail.com,,,2024-02-07,,Male,Guest
5001,ngaujhg12,nghia7@gmail.com,,,2024-02-10,,Male,Guest
5002,fgfgsfg12,nghia8@gmail.com,,,2024-02-07,,Male,Guest
5003,nghiane123,nghia10@gmail.com,,,2011-11-11,,Female,Guest
5004,nghiaAdmin,nghiaAdmin,,,13/08/2002,,Male,Admin
5005,nghiaAdmin,nghiaAdmin@gmail.com,,,13/08/2002,,Female,Admin
5006,NGUYEN DUC TAN,ductan@gmail.com,,,2024-01-23,,Male,Guest
5007,Lê Ngọc Trí,DuaDua1923@gmail.com,,,01/10/2023,,Female,Admin
5010,nhatsang,nnhatsangAdminn@gmail.com,,,2001-03-12,,Male,Admin
5012,teocoder,teocoder@gmail.com,,,2024-07-24,,Male,Guest
5013,twfdsf d,test@gmail.com,,,2024-01-09,,Male,Guest
5014,Nguyễn Hoàng Vân,teocoder1234@gmail.com,,,2024-01-19,,Female,Guest
5015,chuppi12345,chuppi12345@gmail.com,,,2024-01-13,,Male,Guest
5019,HPham,hpham@gm.com,,,01/01/1991,,Male,Guest
5020,teo12345,teo12345@gmail.com,,,2024-02-01,,Male,Guest
5021,Nguyễn Hoàng Vân,teotest1@gmail.com,,,08/06/2004,,Male,Admin
5022,nghia111,nghia11@gmail.com,,,2002-08-07,,Female,Guest
5025,ngauhg123,nghia12@gmail.com,,,2024-01-05,,Male,Admin
5026,ngauhg123,nghia13@gmail.com,,,2024-01-05,,Male,Admin
5027,nghia123,nghia123@gmail.com,,,2002-08-13,,Male,Guest
5032,abcabc,abcabc@gmail.com,,,04/07/2022,,Female,Guest
5037,minnie,minnie.lam90@gmail.com,,,01/01/1990,,Female,Admin
5039,Dorian Knapp,gexuvatede@mailinator.com,,,28/01/2024,,Female,Admin
5040,tuananh123,rockdxebec@gmail.com,,,21/02/2024,,Male,Guest
5044,Aretha Huff,xazedy@mailinator.com,,,28/01/2024,,Female,Admin
5048,Nghia133,nghia00@gmail.com,,,2024-02-08,,Male,Guest
5051,PHẠM ĐỨC ĐẠT,ducdat@gmail.com,,,2002-04-08,,Male,Guest
5052,PHẠM ĐỨC ĐẠT,pedatdethuong@gmail.com,,,2002-04-08,,Male,Guest
5053,minnieminnie,minnie.minnie@gmail.com,,,28/01/2024,,Female,Admin
5054,Testaaaaa,Test422024@gmail.com,,,13/02/2024,,Female,Admin
5055,Ariana Reese,vohai24@gmail.com,,,28/01/2024,,Male,Admin
5056,Nolan Cline,qyryhody@mailinator.com,,,04/02/2024,,Male,Admin
5057,meta,meta@gmail.com,,,2024-02-05,,Male,Guest
5058,Colt Harris,vetex@mailinator.com,,,06/02/2024,,Male,Admin
5061,Luan Nguyen,wush07@mail.com,,,2002-01-22,,Male,Guest
5062,Tuấn Anh,takibae126@gmail.com,,,2024-01-30,,Female,Guest
5063,Guesttest123,Guesttest123@cybersoft.com,,,2024-02-06,,Male,Guest
5064,nghiatest1,nghia19@gmail.com,,,2002-08-13,,Female,Guest
5066,Hall Sherman,lyvine@mailinator.com,,,2006-05-02,,Female,Guest
5067,Sacha Delaney,cybersoftAdmin@gmail.com,,,1994-10-13,,Male,Guest
5069,Kai Boyd,zuva@mailinator.com,,,07/02/2024,,Female,Admin
5072,Admin Test,Admintest01@gmail.com,,,22/10/1990,,Male,Guest
5073,test1111,test1111@gmail.com,,,12/12/2002,,Female,Admin
5077,PHẠM ĐỨC ĐẠT,ducdat123@gmail.com,,,2002-03-08,,Male,Guest
5078,Ngọc Nhân,imdeadinside33333@gmail.com,,,2024-10-04,,Male,Guest
5080,Steven,nguoidungAdmin@gmail.com,,,28/01/2024,,Female,Admin
5082,Ignacia England,migakop@mailinator.com,,,15/02/2024,,Male,Admin
5084,Admin tester,AdminAdmin@gmail.com,,,08/02/2000,,Female,Admin
5085,Mollie Rich,mudupyte@mailinator.com,,,09/02/2024,,Female,Admin
5086,Donovan Melendez,takejev@mailinator.com,,,04/02/2024,,Male,Admin
5087,Uriah Hooper,cotane@mailinator.com,,,05/02/2024,,Male,Admin
5088,Gage Gould,abcdef@gmail.com,,,04/02/2024,,Female,Guest
5089,Halee Hinton,man@gmail.com,,,28/01/2024,,Male,Guest
5090,Dennis Gibbs,super@gmail.com,,,05/02/2024,,Male,Admin
5092,nguoidungGuest,nguoidungGuest@gmail.com,,,04/02/2000,,Female,Guest
5098,PHẠM ĐỨC ĐẠT,datcute@gmail.com,,,2222-02-08,,Female,Guest
5099,nghiq123123,nghia20@gmail.com,,,2024-02-16,,Female,Guest
5101,testdemo,testdemo@gmail.com,,,2024-02-07,,Male,Admin
5103,Margaret Gross,alo123@gmail.om,,,27/02/2024,,Male,Guest
5104,alo,alo123@gmaill.com,,,26/02/2024,,Male,Guest
5111,duong quyet,dxquyet16@gmail.com,,,2024-02-22,,Male,Admin
5113,Hilo,siqaxx@mailinator.com,,,19/02/2024,,Male,Guest
5114,Đăng Khoa,dangkhoa@gmail.com,,,22/02/2024,,Male,Guest
5116,Quan,dinhbaminh@gmail.com,,,2024-02-03,,Male,Guest
5122,duy Nguyen,aos@gmail.com,,,14/02/2024,,Male,Guest
5124,Hoang,tranhoang12112003@gmail.com,,,28/02/2003,,Male,Guest
5134,Tien Nguyen,beokok123456789@gmail.com,,,02-03-2024,,Male,Guest
5142,Dang,dang@gmail.com,,,17/03/1998,,Male,Guest
5147,Admin0002,phonglt@12,,,10/01/2001,,Male,Guest
5149,Melodie Vinson,sykohu@mailinator.com,,,14/02/1990,,Male,Guest
5151,meta,meta@facebook.com,,,07/03/2024,,Male,Admin
5152,nghiakute,nghia21@gmail.com,,,2024-03-22,,Male,Guest
5153,Geraldine Clark,biro@mailinator.com,,,12/03/2024,,Female,Guest
5154,Elvis Lindsay,ryjumero@mailinator.com,,,08/03/2024,,Female,Guest
5155,Alisa Cobb,togage@mailinator.com,,,08/03/2024,,Male,Guest
5156,Nga Hooo,phuongnga0pn@gmail.com,,,08/03/2024,,Female,Guest
5158,PHẠM ĐỨC ĐẠT,dat123@gmail.com,,,2024-03-06,,Female,Guest
5159,PHẠM ĐỨC ĐẠT,ngocnhan2002@gmail.com,,,2002-04-08,,Female,Admin
5160,PHẠM ĐỨC ĐẠT,pedatdethuong312@gmail.com,,,2002-02-09,,Male,Admin
5432,Huy pham,hhhh@gmail.com,,,2024-03-07,,Male,Guest
5433,Huy pham,hhh@gmail.com,,,2024-03-15,,Female,Guest
5434,kaisa,kaisa@gmail.com,,,2024-03-13,,Male,Guest
5437,Guest123,Guest@Guest.com,,,06/03/2024,,Male,Guest
5438,Guest123,Guest@Guest.com,,,06/03/2024,,Male,Guest
5468,teoccccc,teo1234567@gmail.com,,,07/03/2004,,Male,Guest
5472,teo nguyen,teo12345678@gmail.com,,,2024-03-21,,Male,Guest
5474,123123,12313123123123@gmailc.om,,,2323-12-03,,Male,Guest
5475,Tran Ngoc Nhan,nhantran4102002@gmail.com,,,2002-10-04,,Male,Guest
5534,Nita Calderon,sydewa@mailinator.com,,,12/13/2022,,Female,Guest
5537,Tiger Waller,rilutaso@mailinator.com,,,28/12/1995,,Female,Admin
5577,Ngọc Nhân,abc123@gmail.com,,,2002-10-04,,Male,Guest
5578,Tran Ngoc Nhan,123@gmail.com,,,2002-11-11,,Male,Guest
5579,Admin,Admin123@gmail.com,,,2002-04-10,,Male,Admin
5582,Vĩnh Bảo Phúc,phuc@gmail.com,,,2002-01-16,,Male,Guest
5598,truyen,anhtruyen444@gmail.com,,,22/01/2020,,Male,Admin
5599,thanhfrankie,thanh23@gmail.com,,,1997-03-23,,Male,Admin
5601,truyendz,anhtruyen333@gmail.com,,,21/07/2000,,Male,Admin
5613,Duy Nguyễn,duy2003@gmail.com,,,13/05/2024,,Male,Guest
5614,Alibaba,alibaba@gmail.com,,,01/01/2003,,Female,Admin
5619,Kitra Sweet,abc@gmail.com,,,01/02/2005,,Male,Admin
5621,Cuong Pham,cuongpt@yvl.com.vn,,,19/06/2020,,Female,Admin
5625,gâu gâu ,gaugau@gmail.com,,,12/12/2012,,Male,Guest
5627,Cao Sơn,son@gmail.com,,,15/04/2004,,Male,Guest
5637,Admin2222,Admin2222@gmail.com,,,23/03/1997,,Male,Guest
5638,Admin3333,Admin3333@gmail.com,,,11/11/2000,,Male,Guest
5639,Admin4444,Admin4444@gmail.com,,,12/12/2012,,Male,Guest
5640,Admin5555,Admin5555@gmail.com,,,12/12/2012,,Male,Guest
5657,Lưu Đức Khải,Admin1412@gmail.com,,,15/12/1997,,Male,Admin
5658,PHẠM ĐỨC ĐẠT,DATIT@gmail.com,,,2002-04-08,,Male,Guest
5662,Duy,duyp7484@gmail.com,,,21/12/2003,,Male,Guest
5663,Duy,duyp7454@gmail.com,,,21/12/2003,,Male,Guest
5664,Duy,duyp7464@gmail.com,,,21/12/2003,,Male,Admin
5665,Đặng Trung Hiếu,nhannt@yvl.com.vn,,,05/02/2020,,Female,Admin
5677,mlkk,jj@gmail.com,,,16/02/2019,,Female,Guest
5679,Admin,Admin1512@gmail.com,,,15/12/1997,,Male,Admin
5685,ssssss,tanson01657715766111@gmail.com,,,5-10-2000,,Male,Admin
5686,sơn nguyễn tấn,tanson01657715766@gmail.com,,,10/05/2000,,Male,Guest
5690,test,nhannt123@yvl.com.vn,,,13/08/2020,,Male,Admin
5694,khailuu,khailuu1512@gmail.com,,,15/12/1997,,Male,Admin
5695,khailuu,khailuu1412@gmail.com,,,1997-12-15,,Female,Guest
5696,Võ Phú Vinh,phuvinh113@gmail.com,,,15-05-2024,,Male,Guest
5697,Võ Phú Vinh,phuvinh112@gmail.com,,,29/11/1993,,Male,Admin
5698,sơn nguyễn tấn,tanson1@gmail.com,,,10-5-2000,,Male,Guest
5699,ngoduk,ngoduc202@gmail.com,,,25-05-2002,,Male,Guest
5700,BB,dungnd@yvl.com.vn,,,06/05/2020,,Male,Admin
5701,Lưu Khải,khailuu1111@gmail.com,,,2024-06-03,,Male,Guest
5702,luu khai,khailuu111@gmail.com,,,15-12-1997,,Male,Guest
5703,string,string,,,string,,Male,Guest
5704,Lưu Đức Khải,khailuu151297@gmail.com,,,1997-12-15,,Male,Guest
5705,nhat,nhat,,,20/09/2001,,Male,Guest
5706,nhatAdmin,nhatAdmin,,,20/09/2001,,Male,Admin
5707,tấn Sơn,123son@gmail.com,,,10-5-2000,,Male,Guest
5708,Ngo Manh Hung,hoho,,,2024-06-04,,Male,Guest
5709,luu duc khai,khailuu123@gmail.com,,,2024-06-04,,Male,Guest
5710,Norman Brady,cyxala@mailinator.com,,,2024-06-04T17:00:00.000Z,,Female,Guest
5711,Gia Bảo Đoàn,giabaod343@gmail.com,,,28/06/2024,,Female,Guest
5712,Ngo Manh Hung, Admin998812@gmail.com,,,01-06-2002,,Male,Admin
5713,Quy Nguyen,hoangquy4874@gmail.com,,,2002-02-20T17:00:00.000Z,,Female,Guest
5714,Nguyễn Hữu Nhật,nhat200901@gmail.com,,,2024-05-30,,Male,Guest
5715,Nguyễn Hữu Nhật,nhat6200901@gmail.com,,,2024-05-30,,Male,Guest
5716,Nguyễn Hữu Nhật,nha12313t200901@gmail.com,,,2024-05-30,,Male,Guest
5717,Nguyễn Hữu Nhật,nhat@gmail.com,,,2024-06-06,,Male,Guest
5718,Nguyễn Hữu Nhật,nhat01@gmail.com,,,2024-06-06,,Male,Guest
5719,nhat,nhat11@gmail.com,,,2024-06-06,,Female,Guest
5720,Nguyễn Hữu Nhật,nhat123@gmail.com,,,2024-06-06,,Male,Guest
5722,Nguyễn Hữu Nhật,nhat33@gmail.com,,,2024-06-06,,Female,Guest
5723,Nguyễn Hữu Nhật,nhat2009sdcscs01@gmail.com,,,2024-06-06,,Female,Guest
5724,Nguyễn Hữu Nhật,nhatcds@gmail.com,,,06/05/2020,,Male,Guest
5725,Nguyễn Hữu Nhật,nhat201@gmail.com,,,2222-12-12,,Female,Guest
5726,Duy Cuong,duycuong@gmail.com,,,02/02/2000,,Male,Guest
5731,Nguyễn Tấn Sơn,tanson016577157666@gmail.com,,,5-10-2000,,Male,Guest
5732,Sơn nguyễn,tanson100520@gmail.com,,,10-5-2000,,Male,Guest
5734,Nguyễn Hữu Nhật,nhat200922@gmail.com,,,2024-05-28,,Male,Guest
5735,Nguyễn Hữu Nhật,nhat333@gmail.com,,,2024-06-08,,Male,Guest
5736,Nguyễn Hữu Nhật,nhat2009@gmail.com,,,2024-05-30,,Male,Guest
5737,Nguyễn Hữu Nhật,nhat0901@gmail.com,,,2024-06-05,,Male,Guest
5739,Nguyen Huu Nhat,nhat321@gmail.com,,,2024-05-29T17:00:00.000Z,,Female,Guest
5741,Nguyễn Hữu Nhật,nhat011@gmail.com,,,2024-06-18T17:00:00.000Z,,Female,Guest
5742,testaaa,test11@gmail.com,,,28/08/2002,,Female,Guest
5743,Nguyễn Hữu Nhật,nhat12345@gmail.com,,,2024-06-12,,Male,Guest
5745,chxj,nhat3333@gmail.com,,,2024-06-02,,Male,Guest
5746,nhat,nhat999@gmail.com,,,2001-09-20,,Male,Guest
5749,,,,,,,Male,
5750,Nguyễn Hữu Nhật,nhat1@gmail.com,,,2024-06-10,,Male,Guest
5751,testB,test123@gmail.com,,,21/08/2003,,Female,Guest
5752,Nguyễn Hữu Nhật,nhat987@gmail.com,,,2024-06-05,,Male,Guest
5753,Nguyễn Hữu Nhật,nhat77777@gmail.com,,,2024-06-05,,Male,Guest
5754,Nguyễn Hữu Nhật,nhat232@gmail.com,,,2024-06-05,,Male,Guest
5757,Cuong,test1235@gmail.com,,,06/05/2020,,Male,Admin
5758,Đặng Bùi Minh Chiến,minhchien.cnn791999@gmail.com,,,2024-06-09T17:00:00.000Z,,Male,
5759,chiến,vana@gmail.com,,,2024-06-19T17:00:00.000Z,,Female,
5760,alo,Mcne@gmail.com,,,2024-06-17T17:00:00.000Z,,Male,
5761,hello,hello@gmail.com,,,2024-06-29T17:00:00.000Z,,Male,
5762,xinchao,xinchao@gmail.com,,,2024-06-26T17:00:00.000Z,,Male,Guest
5764,aido,aido@gmail.com,,,2024-06-23T17:00:00.000Z,,Male,Admin
5765,duy,duyp99@gmail.com,,,21/12/2003,,Male,Guest
5766,zxmot,duyp888@gmail.com,,,21/12/2004,,Female,Guest
5767,zxmot,duyp74544@gmail.com,,,21/12/2000,,Female,Admin
5768,nhat,nhatAdmin@gmail.com,,,20/09/2001,,Male,Admin
5769,Ngô Mạnh Hùng,manhhung011001@gmail.com,,,04-06-2024,,Female,Admin
5770,Pankovina,hung@gmail.com,,,12-06-2024,,Male,Guest
5771,nhat,nhatGuest@gmail.com,,,2001-09-20,,Male,Guest
5772,nhat,nhatGuest1@gmail.com,,,2001-09-20,,Male,Guest
5773,Nguyễn Hữu Nhật,nhatGuest2@gmail.com,,,2024-06-10,,Male,Guest
5774,Nguyễn Hữu Nhật,nhatGuest3@gmail.com,,,2024-06-05,,Male,Guest
5775,Nguyễn Hữu Nhật,nhatGuest4@gmail.com,,,2024-06-20,,Male,Guest
5776,Nguyễn Hữu Nhật,nhatGuest5@gmail.com,,,2024-06-25,,Male,Guest
5777,Nguyễn Hữu Nhật,nhat2dsfds@gmail.com,,,2024-06-24,,Male,Guest
5778,Nguyễn Hữu Nhật,nhatGuest6@gmail.com,,,2024-06-05,,Male,Guest
5779,MTP,nhat10@gmail.com,,,2024-06-05,,Male,Guest
5780,MTP,nhatABC@gmail.com,,,2024-06-05,,Male,Guest
5781,nhat,nhatGuest100@gmail.com,,,2024-06-20,,Male,Guest
5782,Ngo Duc,ngo202@gmail.com,,,25/05/2002,,Male,Guest
5783,Lưu Đức Khải,khai1111@gmail.com,,,15-12-1997,,Male,Guest
5784,minhuy,minhuy@gmail.com,,,5/11/1999,,Male,string
5785,Fredericka Booker,kasypyz@mailinator.com,,,,,Female,
5786,Vĩnh Bảo Phúc,phuc12@gmail.com,,,2002-02-28,,Male,Guest
5787,duy,duyp8484@gmail.com,,,21/08/2019,,Male,Guest
5788,Tu,tu.0909023518@gmail.com,,,2000-02-01,,Male,Guest
5789,Ngoan Nguyen,ngoan99@gmail.com,,,string,,Male,Admin
